videoId,titulo,bucket
b3RXjB9ZxvU,A TORTA DOCE MAIS FÁCIL DA SUA VIDA! TORTA RIDÍCULA,parcial
ELZLHU59PJ0,DA PRA CORTAR COM UMA COLHER DE TÃO MACIO  CUPIM COM CERVEJA NA PANELA DE PRESSÃO,parcial
7PXCJPxxK_o,Das schmeckt besser als ein Burger! Ihre Kinder werden es Ihnen danken!,parcial
-mbdNUdYDEw,TORTA DE BANANA MAIS FÁCIL DO MUNDO | Léo Abreu,parcial
IZldvdsBt0U,Pipoca doce super crocante | PIPOCA COM CARAMELO CROCANTE,parcial
di9n6Wu2D0o,Seit diesem Rezept macht keiner mehr Schnitzel! Knusprige Hähnchenbrust in Parmesan-Soße,parcial
wxhfSzzLylo,RECEITA DE CONSERVA DE CEBOLA DELICIOSA!,parcial
qA--XRtsnQ0,Crispy Garlic Lemon Sweet Potato Fries | Easy  Healthy & Flavorful Homemade French Fries,parcial
3uU3garE82Y,Cuando tengas espagueti y atun. Prepara esta deliciosa receta de pasta en tan solo unos minutos,parcial
LMNbjrvVDtM,Delicioso drink de Melancia com Hortelã sem álcool 🍉 😋,parcial
Zv-U5lD6X88,Macarrão à Matraciana | Léo Abreu,parcial
U9Y7hKfbBmk,Nur 1 Tortilla! Schmackhafter als Pizza! Unglaublich leckeres Frühstück  Mittag- oder Abendessen,parcial
ihTVBZprtIA,Bistek   Pasta Alho e Óleo | Thalyta Koller,parcial
gSu2xeDzqao,🇮🇹 Diese italienischen Wraps machen alle verrückt 😍 So ein schnelles und köstliches Rezept!,parcial
xJoipJjIcBI,Gefüllte Hähnchenrouladen mit Parmaschinken & Käse – So saftig & lecker! 🧀🍗,parcial
4UTrEpVKhKM,91 year old Maria shares her lasagna recipe with Pasta Grannies!,parcial
JEUCJ11JixU,Choripan com um Toque Especial | Léo Abreu,parcial
lMVi61jGTPs,Easy Focaccia Bread Sandwich,parcial
5vXcFy9169g,Pão de mel na travessa | Leo Abreu,parcial
R0qP5NfpccI,Torta de Frutas Vermelhas SUPER RÁPIDA e DELICIOSA! | Léo Abreu,parcial
-ISR6hwYYgc,SPAGUETTI ALL’ASSASSINA | O espaguete assassino :),parcial
a1BUvsppg6E,Schokoladenkuchen in 5 Minuten! Jeder sucht nach diesem Rezept!  Kein Backen  keine Gelatine!,parcial
R90P-uc4v4Q,Dieser Kuchen ist so lecker  dass ich ihn jedes Wochenende! Kein Mehl  kein Ofen  keine Eier,parcial
ro2JBNBOeL0,Nutella de Fraises : 3 Ingrédients / Si Addictif que vous le Cacherez aux Autres !,parcial
xIQXLTFup6M,The Real Lasagna is Bolognese,parcial
XWMkBiM62K4,COSTELA PERFEITA PARA CEIA DE NATAL OU ANO NOVO!,parcial
4hYUrBh0Sls,LASANHA À BOLONHESA | Mohamad Hindi,parcial
uNKThDwml5Y,Sanduíche suculento de carne com queijo | Léo Abreu,parcial
7vSKayIHlQQ,Aprenda um delicioso salgado folhado | Léo Abreu,parcial
sF7WTs6RKg0,TULIPA DE FRANGO NA CHURRASQUEIRA | GoHanCOOK,parcial
h9HbJ9wRguI,Essa farofa vai fazer sucesso no seu churrasco | Léo Abreu,parcial
QaOay1_Cdjg,O QUINDIM PERFEITO EXISTE! (Receita tradicional rápida e fácil) | GoHanCOOK,parcial
BuxggshkyxQ,Estrogonofe Fácil,parcial
d-DYYCIZhww,A MELHOR RECEITA DE SHAKSHUKA C/ ESPECIARIAS :: UNDERCHEF,parcial
UlbRbVJf3uo,FATIA HÚNGARA - Receita de pão doce de coco com miolo molhadinho,parcial
ByVy1goGqGE,YAKISOBA MISTO DE CARNE E PORCO CARAMELIZADO :: UNDERCHEF,parcial
P3E048igCI0,CHEESECAKE DE GOIABADA LEVE E CREMOSA | FÁCIL E SEM GELATINA,parcial
tt0EZL6Xdng,A torta de frango mais fácil do canal | Léo Abreu,parcial
estCyu5MUl0,Cheesecake de Goiabada cremosa #natal  #anonovo #merychristmas,parcial
2hvN0bzjBxw,SONHO DE PADARIA COM MUITO CREME  PRÁTICO DE FAZER | Thigas Ribeiro,parcial
IsMl5Mo0bho,ZERO CARBOIDRATOS! Pode COMER MUITO e AINDA EMAGRECER! Delícia Sem FARINHA  Fácil  Rápida,parcial
-HJZV6CMcos,Crepe com doce de leite | Temporada de Inverno | Léo Abreu,parcial
wl59onmtfBk,BIFUM COM CAMARÃO PICANTE,parcial
PS52QiIJq4Q,OS SEGREDOS DA MINHA PASTA AL POMODORO!,parcial
5bsf7-zyTXU,A MELHOR PALHA ITALIANA GOURMET QUE VOCÊ VAI COMER,parcial
23pYmhD0MTE,Chegou o dia da lasanha! Vem aprender como faz | Léo Abreu,parcial
FGq6h49rJAY,Receita de Brownie Fácil,parcial
rH9yeve8-NY,CALZONE RECHEADO COM QUEIJO  COGUMELOS E LINGUIÇA BLUMENAU! TEMPORADA DE INVERNO 2023,parcial
SRmkI7Heens,Receita de Sopa de Tomate,parcial
ZezfTCAay6o,A MELHOR MASSA DE PIZZA DE FRIGIDEIRA :: UNDERCHEF,parcial
tYwWfxU9JD4,Forget about the rice pilau! Discover how to cook the rice with chicken legs - into the oven,parcial
peRxnGx6aC8,🍫 Creme de avelã com chocolate: a versão caseira da Nutella! | GoHanCOOK,parcial
992JEu1hq6k,ROCAMBOLE PRESTÍGIO QUE NÃO VAI NO FORNO,parcial
jhayaOZELLk,MAIONESE SAUDÁVEL SUBSTITUI PERFEITAMENTE A TRADICIONAL!,parcial
x-8UQAgbiPE,Especial Dia dos Namorados: Ravioli Recheado! | Léo Abreu,parcial
U1psBgorfhc,COMO FAZER CUPIM DE FORNO EM CASA + SANDUBA LARIQUENTO CHEFUDO!,parcial
4aNk6o1XngM,SANDUÍCHE DE FRANGO A MILANESA!,parcial
OjusPTl6dco,A RECEITA DO MOUSSE DE CHOCOLATE DO MEU RESTAURANTE! #mousse,parcial
poZem-hCM7A,TULIPA COM SHOYU: suculenta  saborosa e deliciosa 😋 (receita do meio da asa de frango) | GoHanCOOK,parcial
hriaMix3kmI,Aprenda os truques do Bife Acebolado | Léo Abreu,parcial
ocBXUUePuUA,Aprenda a autêntica Massa Alfredo com apenas 2 ingredientes | Léo Abreu,parcial
j8KGOxk3WIo,Como nunca errar seu Pudim perfeito 🍮 | GoHanCOOK,parcial
Fkkb-HaFCSE,RIGATONI ALLA PUTANESCA,parcial
VBsmoria-hc,Como fazer MACARRÃO AO PESTO #pesto #paraense #shorts,parcial
sw8kTcm1yCw,Petisco imperdível: Batata com Bacon! | Léo Abreu,parcial
r6QWxOcRLDI,Shakshuka  o café da manhã perfeito (receita rápida e fácil de ovos com molho de tomate) | GoHanCOOK,parcial
KLEH8RJsYgI,Building a Lego-powered Submarine 4.0 - automatic depth control,parcial
klb8wC-Jkao,Parmegiana com 4 Queijos em apenas 15 minutos | Léo Abreu,parcial
pM-koHMEl8I,CUPIM DESMANCHANDO SEM BRASA E SEM PAPEL ALUMÍNIO! FÁCIL DE FAZER EM CASA NO DIA A DIA!,parcial
dFQYDs9fMWg,Macarrão fácil e rápido com filé mignon | Léo Abreu,parcial
c7Df4Zann-w,Sanduíche de frango para quem está com pressa! | Léo Abreu,parcial
zFL9PeqUz20,Filé de sobrecoxa desmanchando ao molho de espinafre | Léo Abreu,parcial
E82d6lCMQHU,O MELHOR FRANGO EMPANADO | GoHanCOOK,parcial
K4W-8x5Ady0,Petisco rápido: Bruschetta de Tomate! | Léo Abreu,parcial
DaKW60eianw,Sanduíche de bacon BLT crocante em menos de 15min | Léo Abreu,parcial
Vd9cGoeaLPo,Não existe torta de frango mais cremosa que essa | Léo Abreu,parcial
sl9Wyw3t0_s,PEITO DE FRANGO SECO NUNCA MAIS COM ESSA RECEITA  | Léo Abreu,parcial
yA3CihOhHiQ,O bolinho de arroz mais gostoso | Léo Abreu,parcial
KHlohgpgYlM,O VERDADEIRO MOLHO ROMESCO | Léo Abreu,parcial
5SGqGWbvqeA,Uma delícia para o Natal: torta de palha Italiana! | Léo Abreu,parcial
WM3znprPsNs,RABANADA CROCANTE  CREMOSA E MACIA por Felipe Castanho,parcial
7b45yqwal2M,BATATA ROSTI FÁCIL E DELICIOSA,parcial
J4d1wSiof9M,👶 Ninguém segura este bebê! Revelamos a receita da melhor maionese do mundo #shorts,parcial
3q_JRcTcAKo,Cook Super Easy Restaurant-Style Mongolian Chicken 蒙古鸡丁 at Home! Chinese Chicken Recipe,parcial
4scbsNSKsmQ,🍞 O melhor sanduba da sua vida tá aqui  com receita e tudo #shorts,parcial
KtXcCHw7bj4,Finalmente  Carbonara!,parcial
Er7b4ii-uhQ,ALMOÇO SIMPLES E SAUDÁVEL!,parcial
mk3uiTvOsxM,Mars-Kuchen  der auf der Zunge zergeht! Einfach und sehr lecker! 😋,parcial
69tjHhkk-4o,Duelo de titãs: strogonoff de frango ou de carne? | Fiz e Comparei | Léo Abreu,parcial
KxpBohu8eKs,MACARRÃO COM MOLHO DE QUEIJO E ESPINAFRE,parcial
57IYca0yin8,Espaguete ao molho 4 queijos mais fácil da Internet | Léo Abreu,parcial
V1vJlTGH17I,PETIT GATEAU DE DOCE DE LEITE!,parcial
vXBlVxfrybE,COMO FAZER CHOCOLATE QUENTE | Receitas do Will,parcial
ZFVXlJqNR3k,Snickers-Kuchen  der auf der Zunge zergeht! Einfach und sehr lecker! 😋,parcial
xp70JBfOzP8,Frango agridoce e picante como você nunca viu igual | Léo Abreu,parcial
OLp1Jax8UT0,THIS KILLER PORK RECIPE IS VERY SIMPLE!!! ANYONE CAN COOK THIS AND THE RESULT IS REALLY AMAZING!!!,parcial
Iv0GOJVFyu8,PÃO DE BATATA COM CALABRESA E CATUPIRY!,parcial
oh2Z5fXkV4Y,SANDUÍCHE GOSTOSO E FÁCIL DE ALMÔNDEGAS | Léo Abreu,parcial
g-SWW9qqUbY,ALMONDEGA FÁCIL E RÁPIDA!,parcial
v_vtq0fKfhc,VOCÊ FEZ FRANGO XADREZ ERRADO A SUA VIDA INTEIRA | GOHANCOOK,parcial
-54xKD-RCKY,COMO FAZER CALZONE | EP04 - O FANTÁSTICO MUNDO DA PIZZA,parcial
AFC52eKyidA,Take oats  cocoa and bananas and make this amazing dessert! Gluten free  NO sugar!,parcial
013VCqMXWfo,Diese Pasta Bolognese hat mich verrückt gemacht! Herzhaft  einfach und unglaublich lecker!,parcial
wZjJvTdKY2o,진짜 바삭한 쌀 닭강정 만들기 :: 매콤달콤 황금 양념비율 :: 부드러운 순살 닭강정 :: Sweet and Crispy Korean Chicken :: Dakgangjeong,parcial
HV5knNGRsyw,Receita deliciosa de arroz de frango gratinado | Léo Abreu,parcial
rB7CJpyPS7E,EASY HOMEMADE CHEESE SAUCE RECIPE || NACHO CHEESE SAUCE RECIPE | How To Make Nacho Cheese Sauce,parcial
KZKpTufNNDE,Das ist die leckerste Hähnchenbrust  die ich je gegessen habe! Einfach  günstig und sehr saftig!,parcial
1QpJOrVdtNU,Quick Strawberry and Banana Smoothie Recipe with Yogurt #Ad,parcial
Fhdtci1vN1Y,Receita de sanduíche de atum com queijo  mais fácil impossível | Léo Abreu,parcial
DJbjCYUOFPU,BRUSCHETTA DE FRANGO PICANTE!,parcial
3vCeoz5mzjQ,SANDUÍCHE DE ATUM NA BAGUETE!,parcial
0nfndp_-ilk,Molho Sweet Chilli - Pimenta agridoce #Shorts,parcial
h0v-lzW5Sdg,AREPA DE QUEIJO - Receita rápida  sem glúten e sem sova,parcial
clMENn4SoAQ,MACARRÃO ALHO E ÓLEO | Cozinha Básica,parcial
PCoAElC4Avg,RABANADA FRANCESA? French Toast | Léo Abreu,parcial
Lm0Qcxyeg6I,MOLHO DE PIMENTA SALSA ROJA | COMIDAS MEXICANAS EP 05,parcial
4OSZHgAsQfk,EU NÃO IMAGINAVA QUE ERA SÓ BATER NO LIQUIDIFICADOR 😱 RENDE 2 LITROS 🔥💰,parcial
G86TGx2C_ug,COMO FAZER BURRITO DE CARNE | COMIDAS MEXICANAS EP04,parcial
xp6ZxboH4LU,3 RECEITAS DE SANDUÍCHE: aprenda a fazer recheios diferentes com carne  frango e peixe,parcial
g028MGRdHEE,SANDUÍCHE FÁCIL! | BAGUETE COM QUEIJO  SALAME E MOLHO ESPECIA!,parcial
9rBDW3dS_J0,Homemade Magnum Ice Cream 自制梦龙冰淇淋雪糕 Glace Magnum fait à la maison,parcial
x9Efqojfb3A,👍👍👍 Waffeln mit Nutella mischen! Sie werden von diesem Rezept überwältigt sein! KEIN Backen!,parcial
W4XVyB7dw6Q,BRIGADEIRO SIMPLES E BEM FEITO!,parcial
XwRhuBhR8xo,COMO FAZER SANDUÍCHE BLT | BACON  ALFACE E TOMATE,parcial
I3gGGt3uR7E,Avocado Toast c/ ovo pochê e bacon crocante | Léo Abreu,parcial
I9DsdvTnPbo,SCHNITZEL (ou milanesa suino) com purê de maçã | Léo Abreu,parcial
NZkU9GZPSCU,Hambúrguer de gorgonzola com picles de uva | Léo Abreu,parcial
gcP78-E6Sac,BUTTER CHICKEN 🔥,parcial
QWeXVaPfMVA,Das Lieblingsrezept meines Mannes zum Abendessen! Einfach und sehr lecker!,parcial
aCh5WdCKBuE,ESFIHA DE QUEIJO - Receita fácil do chef José Carlos,parcial
qnEAr_D-Qgg,Tomato Soup Recipe with Canned Tomatoes #Ad,parcial
ViZ_8AKeZ_k,LASANHA INSPIRADA NO ANIME ONE PIECE! | GOHANCOOK,parcial
EMtDfCrTuTQ,MACARRÃO COM LINGUIÇA | Léo Abreu,parcial
fTgm36y884c,How To Cut Every Cheese | Method Mastery | Epicurious,parcial
k4p1VNtm37U,Caesar Salad por Alex Atala,parcial
iSLlz8Yn03I,Parei de comprar panettone  ninguém vai acreditar que você fez isso em casa,parcial
21yDx3LIKhM,Torta mousse de limão com chocolate,parcial
7zh5WcSPOc4,Chipotle Honey Wings | The Golden Balance,parcial
uOjoKFcVZfg,MACARRÃO ALLA PUTTANESCA (MINHA PRIMEIRA VEZ) | Receitas | Mohamad Hindi,parcial
VCu4IPwJBmw,TORTA DE CHOCOLATE COM WHISKY E CARAMELO!,parcial
P7GpjhHpE04,Tender Fácil com Abacaxi e Bacon,parcial
TEelLPHpK2o,COMO FAZER BOLINHO DE QUEIJO(MUSSARELA STICK) #shorts,parcial
EFfuczc9cm0,COMO FAZER MOLHO DE PIMENTA #shorts,parcial
OtiNCusTo2Q,APERITIVO ITALIANO INDISPENSÁVEL!,parcial
YD1Hk31UDs0,COMO FAZER OVO POCHÊ SEM COMPLICAÇÕES | Léo Abreu,parcial
8LPvP4GXLGE,Almôndega de Frango,parcial
PE7ILABPJqM,How to Make The Crispiest Korean Wings in 3 Flavours 三味韩式炸鸡翅 Crunchy Fried Chicken Wing Recipe,parcial
Jf7ik94_XnI,Ich habe noch nie so einen leckeren Fisch gegessen❗ Zartes Rezept  das einem auf der Zunge zergeht!,parcial
fjYdgeKsSLM,Einfaches Rezept! Kartoffeln mit Hackfleisch! Die ganze Familie wird es lieben!,parcial
LJ94-ePU0Zc,PASSATA DE TOMATE CASEIRA!,parcial
8Cyl4M_RJTI,Rocambole com Massa de Pastel,parcial
5K_yGFKzWMA,KARAAGE  O FRANGO FRITO JAPONÊS MAIS FAMOSO! | GOHANCOOK,parcial
1F5FnaEI5qw,KOROKKE O BOLINHO DE BATATA JAPONÊS COM HONDASHI®️ | #shorts,parcial
yDTv1_B0gzs,Einfach die Eier und Zwiebel auf diese Weise braten und das Ergebnis wird köstlich! Neues Rezept,parcial
TlE1kpcLUbc,Quindim,parcial
UU9pJGgBRmE,Salada gostosa? Conheça a Caesar Salad | Léo Abreu,parcial
qeZjG1j_1Vc,TORTA HOLANDESA | Will Inácio | Doces,parcial
HoN1EVqpl4I,SANDUBA PRA SALVAR O JANTAR | CONTRA-FILÉ COM MOLHO DE GORGONZOLA | Leo Abreu,parcial
2Stnv_cErvE,Léo ensina o melhor acompanhamento pro cafézinho: Pão de Queijo | Léo Abreu,parcial
34lGvp0kTrY,COMO FAZER FRANGO DO KFC EM CASA - SEGREDOS REVELADOS,parcial
Q1FNiTLAWfM,MOUSSE DE CHOCOLATE COM 2 INGREDIENTES | Mohamad Hindi,parcial
h0xZGQBqysU,MAIONESE VERDE DE LANCHONETE!,parcial
Vk-NfwCmDJY,Bolinha de Queijo com 3 Ingredientes,parcial
UCN80XqIU1c,So gut  dass nichts mehr auf dem Tisch liegt! Köstliches spanisches Kartoffelomelett!,parcial
blVZcaXhSRA,O MELHOR PÃO RECHEADO DO MUNDO!,parcial
uD3qHdyFny4,O CANNOLI QUE VOCÊS PEDIRAM! TEMPORADA DE INVERNO EP4,parcial
n3dPc17He9I,MACARRONADA COM FRANGO ASSADO | Temporada de inverno | Léo Abreu,parcial
IJxW-OoBIKM,Juicy  healthy oven baked chicken breast recipe! Easy and delicious!,parcial
ZsR2k0R-MHY,MACARRÃO À MATRICIANA | TEMPORADA DE INVERNO EP2,parcial
_gZy43hwAoo,BERINJELA À BOLONHESA | TEMPORADA DE INVERNO | EP1,parcial
fpX5DlZ94VQ,NHOQUE DE BATATA À BOLONHESA!,parcial
sZ3txThvaho,COMO FAZER BRUSCHETTA #shorts,parcial
6wCI6B9sxd0,SANDUICHE DE CARNE COM MOLHO PICANTE!,parcial
0hv63c6obDY,O Melhor Suflê de Queijo do Chef Taico,parcial
pM-6cP6T7m4,ARROZ DE FRANGO COM MOLHO ESPECIAL!,parcial
ibL4yPFxuKQ,PÃO DE HAMBÚRGUER CROCANTE TIPO DO MADERO | SÓ QUE MELHOR,parcial
vWJDjYCl8io,Authentic Bolognese sauce  that Nona will love,parcial
HWxzOAQb7Ss,MASSA PARA EMPANADAS | MAIS FÁCIL IMPOSSÍVEL,parcial
8-0dHxzqCKY,COMO FAZER GELÉIA DE PIMENTA | Leo abreu,parcial
73LqUjGBQ9w,OMELETE TORNADO DE 20 MILHÕES DE VIEWS | Receitas Internéticas | Mohamad Hindi,parcial
MdkhLO66Vgk,Linguiça Recheada com Ovo,parcial
nFL7RRPwUu8,MACARRÃO CACIO E PEPE | Segredos pra não errar | Léo Abreu,parcial
4BTm1Ezl6XE,Carnivorous Chili & Vegetarian Chili | Basics with Babish,parcial
9PWomdbZi2U,Donuts | Basics with Babish,parcial
J_3v7DEkjsk,Pan Pizza | Basics with Babish,parcial
jX_HGN8wrdw,MACARRÃO AO LIMONE | Receitas Vegetarianas | Rafael Ribas,parcial
E0G5Y2SOW0c,Quesadillas | Basics with Babish,parcial
Stfm8DLH-jA,O MELHOR PICLES DE PEPINO PARA SEU PÃO COM MANTEIGA | BREAD & BUTTER PICKLE,parcial
qoHnwOHLiMk,Carbonara | Basics with Babish,parcial
0SxZPwvDGSw,NUGGETS COM MOLHO ORIENTAL | Antes e Depois | Mohamad Hindi,parcial
qLgiNe9YrmE,RUSSA ENSINA RECEITA DO STROGONOFF RUSSO ORIGINAL | O MELHOR ESTROGONOFE DO MUNDO!🔥,parcial
Z4Wuadqo8-I,Molho Pesto,parcial
fBrth2aeqqI,COMO FAZER MOLHO PESTO | Dicas e truques | Léo Abreu,parcial
yjY-dK4JS-k,바삭함의 끝판왕  피자롤 :: 초간단 피자만들기 :: 롤피자 :: 피자스틱 :: Deep-Fry Pizza Rolls :: No oven Pizza,parcial
jG75GbL9BcA,Chocolate Muffins,parcial
QTFjFayRjtw,BREAKFAST EGG SANDWICH HACK | Crispy One Pan Egg Toast,parcial
P0IESUuRzo0,CHIMICHURRI | O mais pedido do canal,parcial
5ID9PBYoSxI,PUDIM DE LEITE SEM FORNO | Receitas | Mohamad Hindi,parcial
wrnej4DANv4,ESPAGUETE À CARBONARA | Dicas para impressionar | Léo Abreu,parcial
DUK94oQGmLc,1 Hora ~ MACARRÃO À BOLONHESA SEM ATALHOS | Léo Abreu,parcial
P-cseza8K0I,쉬운재료로 에그 부리또 만들기 :: 계란요리 :: Egg Burrito :: Breakfast Recipe,parcial
iwxJTIxIoFo,Pancake 4 Ways  | Jamie Oliver,parcial
vhMpPoVC_e4,ARANCINI RECHEADO COM MUSSARELA!,parcial
DvX157hWcPw,LEITE NA PIPOCA -FICA MELHOR QUE A PIPOCA DE CINEMA- CARAMELIZADA,parcial
xPCyqUkNfBg,FISH AND CHIPS PARA O VERÃO!,parcial
Ukju__v7AEI,Dadinho de Leite Ninho,parcial
Kio-UedgFQs,LINGUIÇA CALABRESA ACEBOLADA | Receitas | Mohamad Hindi,parcial
c34TbcJJgSo,PARMEGIANA DE FRANGO TOP | Léo Abreu,parcial
9nn6LfnQmSk,TORTA DE BANANA FLAMBADA E MASSA FOLHADA!,parcial
87FSk2AGhtI,Everyone Who Tried  Loved it! Super Yummy Sweet & Sour Shrimp 酸甜虾球 Chinese Crispy Prawn Recipe,parcial
V3YlN183NqA,KIBE FRITO | Receitas | Mohamad Hindi,parcial
s6QLuSnAWjw,FAÇA SEU PÃO DE ALHO PARA CHURRASCO!,parcial
5ubPrQIn4wA,MACARRÃO NA PANELA DE PRESSÃO  SERÁ QUE DÁ CERTO? | Receitas Internéticas | Mohamad Hindi,parcial
78d0BBht0lo,CHILLI CON CARNE E SALSA CASEIRA,parcial
AoaTFhq2AN8,Paçoquinha de Rolha  Apenas 3 Ingredientes!,parcial
945nkfyGAH4,BOLINHO DE ARROZ SIMPLES | Receitas | Mohamad Hindi,parcial
aQmCk4Fvccg,FRANGO TURBINADO E MUITO RECHEADO!,parcial
OrE9CzrMATg,“O” SANDUÍCHE DE MILANESA COM MOLHO ESPECIAL!,parcial
roKJcIbxNOc,PÃO DE BATATA COM 4 INGREDIENTES | Receitas Internéticas | Mohamad Hindi,parcial
xLPXD39RieI,COMO FAZER ALMÔNDEGAS DE CARNE | Leonardo Abreu,parcial
jP_xuZo94tI,SALADA DE BATATA PERFEITA!,parcial
Lr2RHeaPB00,PÃO DE QUEIJO COM 3 INGREDIENTES 🧀 | Receitas Internéticas | Mohamad Hindi,parcial
CFye-J98IVY,O BIFE À MILANESA PERFEITO!,parcial
JCMHfZz9KL0,NÃO FAÇA UM PRATO VEGETARIANO ANTES DE VER ESSE VÍDEO!!,parcial
T5kbSAMZMYM,APRENDA A FAZER UM ESPAGUETE CACIO & PEPE DIFERENTE!,parcial
_dmncD48w_M,BLONDIE DE SNICKER COM MUITO RECHEIO,parcial
-28szjdak3E,PÃO DE QUEIJO RECHEADO COM DOCE DE LEITE! 🥵,parcial
0MJep0plDlw,O MELHOR PUDIM DE LEITE! | Técnicas | Léo Abreu,parcial
lEb-OU3sHfI,Batata Crocante Temperada de Forno,parcial
546eNWOzSFQ,YAKISSOBA ESPECIAL | Leo Abreu,parcial
2fWJyYKqHmQ,MACARRÃO CREMOSO | Comidas Favoritas | Léo Abreu,parcial
MKx4aO3BYL4,TOMATE CONFIT | Técnicas,parcial
PAXMm2QCnlg,PANQUECA DE CARNE COM CATUPIRY! | Rango de casa,parcial
32pcP7ayRw4,Pizza Napolitana Caseira,parcial
gv-68QxidSk,Melhor Massa para Esfirra | Fermento Natural,parcial
9Pmg3iWcnDk,COMIDA MEXICANA  Chilli de carne autentico fácil,parcial
iapaeO4ig3Y,3 TIPOS DE OVO MEXIDO CREMOSO  O GUIA DEFINITIVO! | Cozinha Básica | Mohamad Hindi,parcial
8uxhPWCvHF4,O Melhor Lanche de Frigideira do Mundo,parcial
48liYhR8U2Q,COOKIES RECHEADOS - OS MELHORES QUE JÁ FIZ NA VIDA! | BELLARIA | RAQUEL CICOLIN,parcial
S7pRhg39kWs,PRIME RIB SUÍNO | Léo Abreu | Cortes nobres,parcial
HtlMZ0ZBrAo,The Best BBQ Sauce | Jamie & Buddy Oliver,parcial
E6DzLagzsFE,Make Southwest Chipotle sauce like Subway at home !! Simply yummylicious | Subway sauces,parcial
jFfcYgcYkhE,COMO FAZER BATATA CHIPS COM TEMPERO ESPECIAL! | Técnicas,parcial
q4ah4J_vSig,Esfirra (esfiha) aberta de carne,parcial
7BFNXj2AwGU,CREME BRÛLÉE 3 INGREDIENTES | Sobremesa | Jantar Romântico Parte 03,parcial
JebbRPkw0Do,CONCHIGLIONE RECHEADO AO MOLHO DE COGUMELOS | Prato Principal | Jantar Romântico completo parte 02,parcial
d0skrmvxG-I,PANQUECAS AMERICANAS SUPER FÁCIL E DELICIOSAS,parcial
mEfutuiHoUM,NÃO FAÇA OVOS ANTES DE VER ESSE VÍDEO!,parcial
maFD34H9XTA,A MELHOR MOUSSE DE CHOCOLATE DO MUNDO!,parcial
_s-q-46qcZw,CHOCOLATE QUENTE MUITO CREMOSO E SUPER FÁCIL I Receitas de Pai,parcial
JsdQ7eVjFio,BOLINHO DE ARROZ MUITO CREMOSO COM PRESUNTO E QUEIJO!,parcial
9r9IUX6u8VU,ESFIHA TIPO HABIB´S - RECEITA PARA NÃO ERRAR,parcial
tsTZfx4CwE0,MARIDO GELADO A MELHOR SOBREMESA QUE JÁ COMI !!!,parcial
fJVAxuK9sok,How to make Pesto | Gennaro Contaldo | 🇮🇹 🙏❤️,parcial
IEgsCKo5wtI,SOBREMESA FÁCIL E BARATA - PRONTA EM MENOS DE 7 MINUTOS! SERÁ POSSÍVEL? 😱,parcial
UvoleP1-_I0,Super Easy Chinese Honey Chicken 蜜糖鸡 Orange Chicken & Panda Express Inspired Chinese Food Recipe,parcial
aQeA-WV8xf4,Esfirras Árabe  Mais Fácil de Fazer que Existe,parcial
ONJoGtyIOI8,Only 3 Ingredient Double Chocolate Mousse in 20 Minutes,parcial
3P2YxhWadaM,ROCAMBOLE DE CARNE COM BACON DELICIOSO E PRÁTICO | ODEIO COZINHAR,parcial
XZ5OG0dtbrk,Homemade Sauce Bolognese - Easy & Delicious Recipe for Spaghetti al Ragu,parcial
mOjkzQCMuuc,PÃO PITA (Pão Sírio ou Árabe): Receita fácil para assar no forno ou na frigideira,parcial
LgoLq8oAKhY,CEBOLA CARAMELIZADA PERFEITA | Cozinha Básica,parcial
XWoTfQGTSFM,Easy& Healthy Orange Chicken,parcial
Y2fpFrMQg5Y,COMO FAZER MOLHO BRANCO | Cozinha Básica,parcial
SdLy8VbbJHE,BOLONHESA RÁPIDO E FÁCIL | Cozinha Básica,parcial
6GmabBa0B2s,FILÉ DE FRANGO À PARMEGIANA,parcial
x7njQWhBpnc,COMO FAZER MOLHO VINAGRETE | Cozinha Básica | Mohamad Hindi,parcial
rwyEPcWUR60,NÃO FAÇA BATATA ANTES DE VER ESTA RECEITA | BATATAS ASSADAS CROCANTES,parcial
nAWHwvnO5SY,PÃO CASEIRO PARA INICIANTES: Receita fácil para quem nunca fez pão,parcial
xKDZMWTG5Xw,ARROZ CREMOSO DE FORNO COM CAMARÃO!,parcial
Ms0VD532MLY,BATATA RÚSTICA ÉPICA!! DICAS E SEGREDOS!,parcial
u6X8wDKDn7o,CHEESECAKE DE NATAL! | SIMPLES E FÁCIL!,parcial
Dipxc-jAkl4,O ASTRO DA SUA CEIA | COMO FAZER PORCHETTA!,parcial
P4qjejEdOZ4,3 TIPOS DE FAROFAS PARA O NATAL | CEIA DE NATAL 2019,parcial
KCe85lhkfOg,Pão Francês Artesanal Saudável,parcial
kN5oqa_6O6U,CEIA DE NATAL 2019 | BURRATA FRITA!,parcial
vXmoSs-qJik,COMO FAZER BATATA GRATINADA | Cozinha Básica,parcial
UWcu0km3XLg,Filé de Lombo à Milanesa com Tomates Grelhados - Web à Milanesa,parcial
_qy6HNqxhKU,How to make Bolognese | Gennaro Contaldo | Italian Special,parcial
JPqIS_BsLWk,O MELHOR COOKIE RECHEADO DO MUNDO! feat Valentim,parcial
qsghxhVBzNU,NÃO FAÇA MACARRÃO ANTES DE VER ESSA RECEITA! | clickbait o retorno,parcial
EmnL4TD2hCY,COMO FAZER CROQUE MADAME | SERIA A EVOLUÇÃO DO MISTO QUENTE? :),parcial
jIAIbhtA1qY,Melhor receita de Frango Cremoso! Frango Gratinado ao Molho de Queijo Gorgonzola,parcial
Kveb_zeeu50,O MELHOR MOLHO DE TOMATE DO MUNDO!,parcial
OgOMW_QbCuI,COMO FAZER MOLHO DE PIMENTA | SEGREDOS E DICAS!,parcial
mqM_rWk-Xb4,Sausage Pasta | Gennaro Contaldo | Italian Special,parcial
gGElJBMTmHU,Pão italiano artesanal sem sovar | Padeiro de Apartamento,parcial
OZqlH5uKrZ8,Pipoca Doce de Chocolate Super Crocante e sem Pipoqueira,parcial
ietBN8Btcio,Decadent Chocolate Tiramisu Recipe in 10 Minutes,sem-desc
RFrx3FCiVws,French fries sauce #viralvideo #shortvideo #trending #sauce #fries,sem-desc
elpFvZWvTZc,How to Fix Beard Flyaways (at home),sem-desc
aWeHckhduso,Burrata Caprese Sandwich with Cherry Tomato Confit,sem-desc
-S5ufaw6L1s,CHOCOLATE Tiramisù ,sem-desc
RdNSjDbmCuk,Best Workbench for Tiny Workshops,sem-desc
VSPa8C2WYTw,[DRAGON BALL] 40th Anniversary Special Video,sem-desc
3zUFw_wDweI,RECEITA: Éclair de Natal,sem-desc
d2mKrCZkzOw,Esse você vai querer fazer sempre | Léo Abreu,sem-desc
XL76o9EPLR4,ALINE JABBOUR l Cozinhando com o Chefe,sem-desc
fMTW8knS7iw,I’m fascinated by these gravity hangers! #woodprojects #woodscraft #woodworking,sem-desc
vI7nHqrgN7Q,O QUE HÁ DE PIOR POR TRÁS DO CASO CARLA ZAMBELLI,sem-desc
8az1DVbQFhw,Como fazer pudim - Entendendo a lógica do pudim,sem-desc
oEkDfUwEaO8,Dica pra você que tem a janela exposta! #shorts,sem-desc
O96a8NpD1_M,Pão Italiano Caseiro da Rita Lobo,sem-desc
OtkKNk1hSJs,How to Find Your Next Favorite Podcast (Arielle Nissenblatt x Pocket Casts),sem-desc
e82uV9sBt4I,Stargate Announcement | Prime Video,sem-desc
T3wCcBaIi1c,Cycles,sem-desc
NNNlzfc5Pms,Hausgemachter Schinken in nur 10 Minuten! Dieser Trick wird Sie überraschen!,sem-desc
TJc2po9wNfc,감자 2개?! 감자튀김보다 맛있다! 놀라운 감자 요리!! 겉은 더 바삭하게 속은 더 부드럽게!,sem-desc
mHIe9VSikbA,1 Month in 10 Minutes! This Skillful Man Build a Workbench With 20 Functions,sem-desc
LqJFx6aMO2Q,양념치킨? 닭강정? 아님 둘 다? 닭가슴살로 만든 완벽한 양념치킨 : 120만 뷰 : 서진이네 보다 더 맛있다!,sem-desc
CG1Yzk_F0P8,How Italians Make Real Spaghetti Carbonara,sem-desc
nu2qwU1gP8Q,The Journey,sem-desc
7o4i_j7dLuE,This Green Sauce Makes Everything Better,sem-desc
TuQImukbnRg,Hacking the Pixmob LED bracelet (As used on Taylor Swifts Eras Tour),sem-desc
mMGZzC2GYDY,Guia US OPEN DE TÊNIS em Nova York 2025: dicas para aproveitar,sem-desc
NYonbq7-jfc,Potato-Crust Mediterranean Quiche – No Pastry Needed,sem-desc
felbqHTwStY,The French Onion Pasta You’ve Been Missing!,sem-desc
ud-YEYv6_VY,Pasta de Ricota apenas 5 min! #Shorts,sem-desc
RooEdtq_Lfo,How To Make Chicken Shawarma At Home,sem-desc
EDybk_t7eKE,How To Make The Perfect Grilled Cheese,sem-desc
l1Q-zzCgCwY,The Best Lasagna You'll Ever Make,sem-desc
77B_GLBhXGs,How To Make The Perfect Chocolate Chip Cookie,sem-desc
E4Qg8XFfvcY,The Best Spaghetti & Meatballs You’ll Ever Make,sem-desc
AJbJYwEduso,How To Make The Best Fried Chicken,sem-desc
nhScpa_fGZw,Hero Tortoise Rushes To Save Struggling Friend,sem-desc
nY2IcLEedxk,I stopped food waste (with engineering),sem-desc
HFsPi_CvzOU,Sudah lama mencari resep ini.Tanpa Coklat Batang DCC Tanpa Mentega! Brownies fudgy shiny crust mudah,sem-desc
pBTitN0y-YE,ULTIMATE Chocolate Tiramisu,sem-desc
e9hnjRfde2g,맛보장 에그푸딩! (걱정말고 이 레시피로 정착 하세요  완벽한 커스터드 푸딩  Egg Pudding  custard pudding  homemade dessert),sem-desc
hmYsi_NQ4dU,BATMAN me fez emagrecer 42kg (Falo tudo!) | Fala PH,sem-desc
R0Fxd13ogUg,Crispy Orange Chicken (Better Than Takeout),sem-desc
6FvqOoJhtFk,BRING ME TO LIFE COVER BY @bobbyamaru @Evanescence (Official Cover Video),sem-desc
8rjo63-0NNY,The History of STARGATE SG-1,sem-desc
9H_WboflUXo,OSCAR 2025 - AO VIVO | Comentários  transmissão  vencedores,sem-desc
tWjgYRWxbAw,Готовлю два раза в день и просят еще! Нереально вкусно!,sem-desc
y1GCIwLm3is,Project MINI RACK - a Homelab Revolution!,sem-desc
jL5SfJkEQLk,SISTEMA DE PUERTAS PLEGABLES CY-3124,sem-desc
q5z4caUrhoA,IDEIA GENIAL PARA UM PORTÃO AUTOMÁTICO - Ideia que Realmente Funciona,sem-desc
CMlnXx8ZoHA,Quanto gastei em um ano com o BYD Dolphin e 31 mil km! Carro elétrico compensa?,sem-desc
Yy27x_Vyb7w,Mesa com Regulagem de Altura Elétrica | Comfy ErgoLift Pro em L,sem-desc
Zm4QJaWfDCs,19/10 | 15h00 | Bacurau  um rosto sem memória | Episódio 1: A invenção do Bacurau,sem-desc
gdtToNvWtl0,26/10 | 15h00 | Bacurau  um rosto sem memória | Episódio 2: O avesso,sem-desc
ix_TGUakvXs,Simply Chocolate Tiramisu l Jamie: Fast and Simple l Channel 4  Mondays  8pm,sem-desc
LoOl2enPw94,Série especial sobre o 11 de Setembro Compilada #EpisódioExtra,sem-desc
K8fKKMFyQpE,SmartThings | Casa Inteligente é isso isso isso,sem-desc
8nbcoklGPE8,O Balde de Pipoca de #AlienRomulus é de OUTRO MUNDO,sem-desc
o2y8bvOHpto,VRAU CAST: PR. HENRIQUE VIEIRA,sem-desc
ZHkoAWs-BQk,This hat has a secret function...,sem-desc
-tulfE90zzQ,11 GENIUS backpacks for international travel (#5 is my fav),sem-desc
lk26V7Kzc5I,Aer Travel Pack 3 Review and Walkthrough After Two Weeks in Japan,sem-desc
uAUALlGJ4lE,Aer Travel Pack 3 Vs Aer Travel Pack 3 Small Comparison,sem-desc
lPMl4sMBcCY,SUMMER 80s - LEJ,sem-desc
m1IrZZRN-Fk,PIB X REALIDADE  X QUALIDADE DE VIDA - Pan Cortes,sem-desc
ffnOVAIuemo,Crie um Servidor pra sua Casa hoje mesmo! (Modo EXTRA FÁCIL),sem-desc
pDIv5khkb84,O fim da mídia Física - O último a sair apague a luz!,sem-desc
o1OfdvhhWHY,As Tekbond não são todas iguais  veja as diferenças e evite comprar errado.,sem-desc
cMypDcXChTg,🔴 LIVE 13/12 - ÚLTIMAS NOVIDADES DE 2023,sem-desc
n8ByKmUoI_k,Setup dos sonhos e como eu liguei 2 monitores no macbook air M1,sem-desc
Tt1bJkpWl_g,O "BELISCO" PERFEITO PRA UMA REUNIÃO ENTRE AMIGOS!,sem-desc
XbAfLcGwXro,UM JEITO DIFERENTE DE SERVIR MACARRÃO!!,sem-desc
gVuQYlcydbE,CAFÉ DA MANHÃ SAUDÁVEL E PRÁTICO!,sem-desc
7cXbR1rlxfc,VALE A PENA? BLACK&DECKER MATRIX 6 EM 1 KIT COM 6 FERRAMENTAS COMBINADAS 20V QUICK CONNECT MTX20K6A,sem-desc
gtyfWnPTyiY,UM ANO FORA DA TV... E TUDO ÓTIMO 😉,sem-desc
IQc9rjW42rM,how to make a superbox from pvc |#toponemaker,sem-desc
e0A5xUpjBiA,UM CLÁSSICO FRANCÊS: TARTE TATIN,sem-desc
q9eVOrdJqnI,3 TIPOS DE MARINADAS PARA FRANGO!,sem-desc
fCHNyYVKFl8,RECEITA com BATATA SIMPLES DE FAZER  CLÁSSICA ESPANHOLA! (COM UM TOQUE NOSSO),sem-desc
oEuqT-Luqz8,Make a Aeroplane out of Ice-cream Sticks  | Piper m600 | #aeroplane #miniature,sem-desc
KGEbPKsu-KI,como abrir balança inteligente da xiaomi,sem-desc
A17bw1wLMSs,Mouthwatering BBQ Ribs Recipe | Master the Art of Finger-Licking Goodness!,sem-desc
T9uDOZ6INvU,A esfirra de carne mais rápida da Internet! | Léo Abreu,sem-desc
GE50FsmVIs0,ANTERO GRECO VOLTOU AOS ESTÚDIOS DA ESPN PARA O SPORTSCENTER E FEZ DISCURSO EMOCIONANTE; VEJA AQUI,sem-desc
_33iPic6D9I,A MELHOR FAROFA DE CASA DO DIA A DIA! #farofa #shorts #mandioca,sem-desc
7QfAo0OgT7o,Macarrão à bolonhesa com carne de porco? Vem aprender! | Léo Abreu,sem-desc
XpVRgyWxaqI,How to build a Desk  space saving an functional,sem-desc
HSm-4kCs3I4,Succession | Inside the Episode: Season 4  Episode 3 | Max,sem-desc
FCskcZChXYM,Salgado rápido e gostoso feito na Airfryer | Léo Abreu,sem-desc
2ryFSGM52OQ,Sanduíche natural de atum fácil e rápido! | Léo Abreu,sem-desc
OV6AvIpw9S0,Chico Bento | Vídeo Revelação - Isaac Amendoim como Chico Bento,sem-desc
pl-pdmw9h6U,5 quadrinhos indispensáveis | Vai Lendo 01,sem-desc
pXShkEU_z6k,Esse Frango à Parmegiana é bom demais! | Léo Abreu,sem-desc
9UMIVfx-YdI,Petisco fácil para o natal: Queijo Cremoso! | Léo Abreu,sem-desc
24EtYy8BbXs,COMO FAZER O MELHOR PUDIM DA TUA VIDA  de PAÇOCA! 🍮,sem-desc
5-0nYT97XZk,O URSO: Caos Perfeito | Crítica - 1a Temporada (The Bear),sem-desc
PisNnMa3qRY,O MELHOR E MAIS FÁCIL MOLHO BARBECUE,sem-desc
IH8gPgsmpKc,IN-N-OUT DOUBLE DOUBLE WITH ANIMAL FRIES FROM SCRATCH  I  Side of Salt with Salt Hank S2 E2,sem-desc
IGnNx4QKwR0,IN-N-OUT ANIMAL FRIES FROM SCRATCH #shorts,sem-desc
xnq8ICpDZI8,Taylor Swift’s favourite Chicken Fajitas!,sem-desc
20t5Q-nokyw,Alfajores Argentinos - Receitas Nestlé,sem-desc
I7okYp-UK98,Secrets ideas of Handyman,sem-desc
1C-zBcLRgSg,Everyone Should Learn to Cook a Burrito de Pollo y Frijoles,sem-desc
f-boUrDxrTI,Chocolate Party Cake | Jamie Oliver | ONE,sem-desc
5lYjfXxc6xc,Cook the Perfect Potato Pizza Tonight | Pizza Week,sem-desc
TNnAeQlJmf0,HOUSE OF THE DRAGON EP. 1x02 - Que comecem os jogos!,sem-desc
4eTJX0g2Bwo,Speedy Flatbreads | Jamie Oliver | ONE | Monday 8.30pm Channel 4 UK,sem-desc
C0Czgal7yk4,FAROFA OVO PERFEITA! SIMPLES  CROCANTE  E SABOROSA!,sem-desc
jo1R3Kwjkh8,Brownie Points for Everyone #ASMR,sem-desc
Aqc9mcVKgo4,완벽한 바삭!! 마늘 치즈 감자!! 겉바속촉 정말 맛있어요. 튀기지 않아요,sem-desc
boDmh30X9FQ,BATATA COM ALHO  MANTEIGA E ERVAS!,sem-desc
6l8QluLVRvw,STEP STOOL - made by WOOD Girl,sem-desc
DrB1-iu0bcc,O MELHOR ARROZ DOCE DO MUNDO!,sem-desc
QehqE4LNDG8,TMNT: The Last Ronin Animation,sem-desc
i67PDbhK8Gs,For All Mankind — The Science Behind Season 3: Episode 4  Happy Valley | Apple TV,sem-desc
C7q_MHLigkE,Buffalo Style Chicken Wings | Jamie Oliver,sem-desc
Fr6ydEiM-A4,The Chicken Parm Sandwich Done Right,sem-desc
qBp2XTn53o8,The Longest Yard: Rams Stop Titans Short of the Goal Line in Super Bowl XXXIV,sem-desc
N_nSU6_l3UA,APERTURE FOR BEGINNERS - Back to basics with Photo Genius.,sem-desc
VosF3lwnXEU,🪚 PINADOR PNEUMÁTICO MTX - SERÁ QUE FUNCIONA COM COMPRESSOR PEQUENO?,sem-desc
bVaN4bip5Eg,🪚 INCRIVEL IDÉIA COM MADEIRA DE PINUS / projeto simples para iniciante na marcenaria,sem-desc
tM1r-l1QJjE,Como fazer “Frango frito à coreana”com ingredientes de casa!,sem-desc
8JHoIezaF00,O SEGREDO DE MILHÕES DAQUELA MC LANCHONETE,sem-desc
fEakGqFk18A,슈퍼 바삭!! 감자 3개가 있으면 꼭 이 요리를 해보세요! 정말 맛있어요!,sem-desc
mF1wLDDhEaY,Easy & Delicious Salmon in Creamy Sun-Dried Tomato Sauce,sem-desc
mO6d-6A-rIg,BOLO DE CHOCOLATE CREMOSO!,sem-desc
k8ucaZL0tag,MACARRÃO À CARBONARA SEM ERRO! | com FELIPE CASTANHO,sem-desc
Nt4EYHhZ42E,História de Rapa Nui  a ilha de Páscoa | Nerdologia,sem-desc
b6n4GQSzr_0,TEA TABLE - made by WOOD Girl,sem-desc
Yrmh4KgbSWo,SUPER LOTES COM RARIDADES EM VHS (06/04/22),sem-desc
uUWTIeCIMco,Macarrão ao pesto amazônico,sem-desc
L0T-V6hUExs,O MELHOR PUDIM DE LEITE DA MINHA VIDA! Sem segredos! | com Gisela Queiroz,sem-desc
4CmS0zq6wjg,FARINHA PANKO! O QUE É? COMO SE FAZ?!,sem-desc
fKJP7RpfCG0,Dialing from Stargate to Stargate,sem-desc
t5QDQHZFd2w,Não faça macarrão antes de ver essa receita | Rigatoni All'arrabiata | Léo Abreu,sem-desc
iS7erzjc0RU,COMO FAZER TARÊ  #shorts,sem-desc
5HFSp78NFq4,CRISPY CHEESE MASALA TOAST - EPIC,sem-desc
-PFr7DkvMGM,$7 DIY Floating Wood Shelf – Easy and Affordable Build,sem-desc
0B1LuAJUmM4,How to make a simple hard drive holder - Off the Cuff - Wacky Wood Works.,sem-desc
d0cHmaonJxA,Hard Drive Little Shelf,sem-desc
1COJdS8qbuU,COMO FAZER BATATA PALHA CASEIRA | Léo Abreu,sem-desc
hUdnzTdWtxQ,DECABRÓN. Panhoca te ensina a fazer o brisket perfeito.,sem-desc
BD1lq5cL7sE,Tulipas de frango inesquecíveis! Panhoca te ensina a fazer as famosas Buffalo Wings com nosso dryrub,sem-desc
uKg-XN9JjSM,OVOS NO PURGATÓRIO!,sem-desc
2fDneQjeyKw,Molho de Tomate por Alex Atala,sem-desc
4yOQeZ4hpc4,A Lasanha de Carmela | Receita Soprano | HBO Brasil,sem-desc
y888FhaZiJM,A MELHOR SOBREMESA NATALINA! BABKA COM SORVETE!,sem-desc
R5-T42cjGww,TORTA CREMOSA DE CHOCOLATE LACTA INTENSE | Léo Abreu,sem-desc
0XTNs9qM8_M,Irmão do Jorel na HBO Max,sem-desc
mk3P1zYkvQM,Irmão do Jorel | Curta Exclusivo | HBO Max,sem-desc
crg7DPJNY80,O NOVO OMELETE ESTÁ ON: CONHEÇA NOSSA NOVA CASA! #NovoOmelete,sem-desc
S7euJVKMBB4,Wenn Sie 3 Kartoffeln und 3 Eier haben  machen Sie dieses köstliche Abendessen! ASMR,sem-desc
1Qz0j7E5vjY,11 Best BBQ Recipes | It's Time To Fire Up The Grill!,sem-desc
KYo0XYuKhsc,🔥 TUPIA de BANCADA mais FÁCIL e BARATA do Youtube - router table,sem-desc
Sm_tNxv1urk,UM CONVITE SURPRESA. VAI COMEÇAR.,sem-desc
NUSbG-xAH6g,3 RECEITAS DE SOPA: veja como fazer sopa de milho  tomate e grão-de-bico,sem-desc
Sy9He1QOyX0,SARGENTO CASEIRO FACIL DE FAZER | como fazer um sargento caseiro,sem-desc
Arq213QnC1Q,SEU JORGE: DE MORADOR DE RUA A ASTRO DE HOLLYWOOD | Retrato,sem-desc
oyh3jYKZ0E8,How to Make Homemade Pesto | Jamie Oliver,sem-desc
osocBbrLSfA,COMO FUNCIONA A RELAÇÃO AMAZON x CATARSE?,sem-desc
kk9kJnJNzWo,Sausage Wrap | Jamie Oliver,sem-desc
oxGjY-XSalI,Psycho for 8 Cellos,sem-desc
vNavk4v4_Ys,BIFE À PARMEGIANA | Amador x Profissional com Renata Vanzetto | Mohamad Hindi,sem-desc
se-A6ZycQWk,Todo Mundo Quase Morto [Blu-ray + DVD],sem-desc
22GYJrtnnvk,RÁPIDO E FÁCIL l Bruschetta Caprese l Leo Abreu,sem-desc
1FzbOxjUZQ8,Best Air-Fried Spicy Chicken Sandwich,sem-desc
4Hk6cAl4X7A,Tripod Tips - Photography Essentials with Photo Genius,sem-desc
0iXPPDDVpB0,Misture Leite Condensado na Maizena e Ficará Surpreso com o Resultado!,sem-desc
d3sdpcaMbPk,[오븐없이!] 화덕에 구운 것 같은 감자치즈빵! (후라이팬으로 맛있는 빵 만들기  Potato Cheese Bread),sem-desc
-E_O2PwZpCc,Crispy French Fries & Cheese Sauce,sem-desc
gDL85-7Pras,Setembro Amarelo,sem-desc
bFg3ljZF2kA,goodbye final space,sem-desc
ela3OrFCgUE,🪚 ACABAMENTO E QUALIDADE  FANTÁSTICA | Tingidores para madeira FARBEN,sem-desc
sOEZp3dh0jw,BOLSONARO DEVERIA RENUNCIAR,sem-desc
arjpleZCbFY,Will Smith Reveals Casting of Will for Bel-Air | Peacock Originals,sem-desc
7FA21yGkl1o,Crowd-Pleasing Texas Tacos de Suadero,sem-desc
xhHZ6vQWYVY,How to make Doritos Fried Chicken 😍  #shorts,sem-desc
Iu_nkcz994Y,QUEIJO EMPANADO (MOZZARELLA STICKS) | Leo Abreu,sem-desc
Yf8MZ8BfXFg,Nonna's Meatballs  Reimagined,sem-desc
voNCRUH9IAo,회오리 오므라이스 - 평택 후레쉬빌 / omelette rice - korean street food,sem-desc
jA3vLca7x1A,MACARRÃO DE COMITIVA | Dia dos Pais | Léo Abreu,sem-desc
jNsem58ddWw,🪚 VOCÊ PODE GANHAR ESSA PARAFUSADEIRA VONDER  | Veja como participar,sem-desc
TqIJrVXpAJA,Dig Into These Tuna Poke Wonton Nachos,sem-desc
aFx3O-Ku8kc,[CHOQUE DE CULTURA] DANIEL FURLAN - Flow Podcast #422,sem-desc
7tOH7u8gAnU,POLENTA COM RAGÚ DE COSTELA | Temporada de inverno | Léo Abreu,sem-desc
HrpL390aak0,The secret to fluffy omelettes is...,sem-desc
gr1dgD74nek,Mais que 8 Minutos #068 (Maria Bopp),sem-desc
L2KEf6LHgqc,🪚 BOSCH GTS 254 APÓS VER ESSE VÍDEO VAI QUERER COMPRAR A SUA | serra circular bosch gts254,sem-desc
0CoynDzFCcs,The Perfect Grilled Chimmichuri Chicken Wings 🤤,sem-desc
1E9gAWSxjx4,SUDESTINO,sem-desc
TWgihDdrKcA,ARROZ DOCE COM COCO | Leo Abreu,sem-desc
HlPqsGmEvGg,LOKI Ep. 06 - Final insosso,sem-desc
G3hYLrBzbBE,🔴 LIVE 14/7 NOVIDADES OP - Com a Participação Especial de Colecionadores da Comunidade!,sem-desc
LCVBkDMWHzI,A IMPORTÂNCIA DOS ANIMES NAS OLIMPÍADAS DO JAPÃO | Bentô,sem-desc
w3ae0onTwU0,MACARRÃO COM RAGU DE COSTELA BOVINA E QUEIJO | Mohamad Hindi | Receitas de Inverno,sem-desc
oKZgyr22VyY,Unique Idea From Broken Lifting Jack!,sem-desc
-oJLJhTQUZ4,Ted Lasso — The Lasso Way | Apple TV,sem-desc
Lx8X4UUM3vk,BOLO MOUSSE DE CHOCOLATE CREMOSO | Mohamad Hindi | Receitas de Inverno,sem-desc
rCthC55FpQU,PAVÊ COM CAFÉ - Léo Abreu,sem-desc
Sy3Q78-qIJI,LASANHA | Amador vs Profissional com Antonio Maiolica | Mohamad Hindi,sem-desc
oFKeJfQHFF8,How To Make Fried Chicken  According to a Pro #shorts,sem-desc
xkXIyDigmGM,Griechische Rühreier. Jeder wird nach dem Rezept fragen! Schnelles  einfaches und leckeres Gericht,sem-desc
v8yk_-9vt6o,Traditionelles spanisches Omelett mit NUR 3 Zutaten! Jeder wird begeistert sein,sem-desc
I_6aMZwf9CU,How to Make Perfect Chicken Manchurian Every Time,sem-desc
xj23zdgXVDM,3 CORTES PRA FAZER SUCESSO NO CHURRASCO | Léo Abreu,sem-desc
JPL2JbKj37k,Como fazer uma Luminária Urbana em Casa! - Luz  Decor & Ação!,sem-desc
NbSwyPUFTjI,Cebola Frita Crocante na AirFryer - Crispy - Fritadeira Sem Óleo,sem-desc
_X7HbuTJy4E,Minimalist Photography - Photo Genius photo challenge #22,sem-desc
lKoPPh6JHj0,🔴 LIVE #44 | PREÇOS MONSTRUOSOS!,sem-desc
C0GX4qcCuV0,DADINHO DE TAPIOCA!,sem-desc
Q2b-B2Rmzis,7 fairly uninteresting projects I've built,sem-desc
CJihyF5Q79g,A brilliant idea from an old fire extinguisher! You'll be glad to see it!,sem-desc
zUz5sYnA75o,Quick & Easy Ricotta-Stuffed Ravioli,sem-desc
vTEi5FFxMuE,Bolognese | Basics with Babish,sem-desc
zWuWrdaYMlY,Binging with Babish: Calzones from Seinfeld,sem-desc
IDkkKGp9kOg,LIVE 3 & OUT - Edição 002 - Cairo Santos,sem-desc
7T42LbojMTM,AR-CONDICIONADO INDIANO: Funciona mesmo?,sem-desc
H3qvgtaqDcM,LIVE 3 & OUT - Edição 001 - Ivan Zimmermann,sem-desc
ZC5IV_iRMXY,Novidades Obras-Primas do Cinema!,sem-desc
13Qqv3VU3uI,Chocolate Mousse with an Avocado Twist! #shorts,sem-desc
0St18jfyTRw,🔴 LIVE #38 | O OSCAR NAS NOSSAS COLEÇÕES,sem-desc
B6MKFAtqNKc,The Only Spaghetti & Meatballs Recipe You'll Need,sem-desc
AwOoMG3J4h8,Latkes | Basics with Babish,sem-desc
KUu2gJn1dzc,How to Make New-York-Style Pizza - TMNT II: Secret of the Ooze,sem-desc
kDdUdvNQndo,Brownies | Basics with Babish,sem-desc
jBnWZijMbMY,Binging with Babish: Garlic Bread from Scott Pilgrim vs The World,sem-desc
R4kwxiDlKzs,Potato Hash | Basics with Babish,sem-desc
6JFVKnrE_d8,Binging with Babish: Egg Sandwich from Birds of Prey,sem-desc
2uHhKAjnvNc,Binging with Babish: Freddy's Ribs from House of Cards,sem-desc
Enan6eEmtqM,Binging with Babish: Lemon Pepper Wet from Atlanta,sem-desc
_SObOsXrDRc,Pulled Pork | Basics with Babish,sem-desc
RKKKVybhxak,O CLÁSSICO DOS ANOS 90 | BATATA EM CONSERVA!,sem-desc
Zru1yk--rGQ,Binging with Babish - How to make a real Philly Cheesesteak from "Creed",sem-desc
dRLCZqEfJFA,Binging with Babish: Inferno Wing Challenge from Regular Show,sem-desc
RACzhMfHgOA,Emerald Hill Zone for 8 Cellos,sem-desc
MBSRPuUibxk,Gravitational Illusions,sem-desc
5mdktMXCnH8,Gordon's Guide To Bacon,sem-desc
q7JDYiLz9Mo,Binging with Babish: Croque Monsieur from Brooklyn Nine-Nine,sem-desc
ArQ567m3oVo,Chicken Piccata,sem-desc
nNcSFwZ_yu0,MEU SMASH BURGER PREFERIDO!,sem-desc
agpRL0YIkpo,How To Make Churros Like A Pro #shorts,sem-desc
JEuYtWRCU7E,COMO FAZER KETCHUP CASEIRO!,sem-desc
RZdzupvbjIg,ALHO E ÓLEO DIFERENTÃO!,sem-desc
gwKKojbIKdU,CASA INTELIGENTE' Instalando Motor de Persiana ZEMISMART WIFI e RF em uma Persiana manual.,sem-desc
HyTKGwD6RpQ,BATATA FRITA CROCANTE E SEQUINHA!,sem-desc
0hFTl64Ko6M,CROQUE MONSIEUR - O queridinho do brunch,sem-desc
vPY0ml9mN5o,This Isn't Your Mom's Macaroni and Cheese | Tastemade,sem-desc
IUaeHCLCTUw,Faça a ARMADILHA de PERNILONGOS que pega um MONTE!,sem-desc
8jZZSnRH_kU,The Perfect Souffle Pancake Recipe | Tastemade,sem-desc
TEWEM2M7TrY,COMO CORTAR CEBOLA | Cozinha Básica | Mohamad Hindi,sem-desc
T38LMV1mUbw,Grape Pizza!! | Keep Cooking Family Favourites | Jamie Oliver,sem-desc
I4JouOgtXOc,Receita de Molho Caçador (Jägersauce) e Molho de Pimentão (Paprikasauce) | Alemanizando,sem-desc
20UL2ZNDPl8,HAMBÚRGUER | Amador vs Profissional com Márcio Buzina | Mohamad Hindi,sem-desc
DvpIP-X95eM,Have you seen these little red discs?,sem-desc
tqoILOlHR54,MACARRONADA COM ALMÔNDEGAS | Leo Abreu,sem-desc
FOdUKvSOorw,Sucesso lá em casa! - Ovos mexidos bem molhadinhos,sem-desc
-BCwcr606g0,How a Movie Film Camera works in Slow Motion - The Slow Mo Guys,sem-desc
kaD2kBpWuV0,O BRASIL DEPOIS DA ABOLIÇÃO DA ESCRAVIDÃO - ft RAEL DA RIMA,sem-desc
1mJ9dRdhRVk,Petite Burger Recipe - The Best Superbowl Appetizer!,sem-desc
TG4dyHw2HM8,Macarrão com Pesto por Alex Atala,sem-desc
sv4H1eDqOu0,Espaguete Alho & Óleo por Alex Atala,sem-desc
dr8x7pWBIdU,Mario Kart for 8 Cellos,sem-desc
IV8Mz5OMsJY,Farofa de Alho por Alex Atala,sem-desc
RVTgLyYRc80,The Perfect Steak Fajitas & Shrimp Fajitas That Will Blow Your Family Away | Tastemade,sem-desc
5o0yzZPxNvI,CHORIPÁN - O SANDUÍCHE MAIS FAMOSO DA ARGENTINA - XEPA,sem-desc
EnIeONEcSGc,Kristian's Stargate Project,sem-desc
1Rf9-Ej2xPw,The Matrix | Never-Before-Seen Cold Open | Superfan Season 9 |  A Peacock Extra,sem-desc
LNGWS_fTxys,Batman for 8 Cellos,sem-desc
-cuW5q7dJ1A,8 Amazing Electrical Life Hacks | Tips & Tricks,sem-desc
owOive1VFLo,CHOQUE DE CULTURA #54: Tropa de Elite,sem-desc
t1Cznt_YZDk,1 mês usando e... Valeu a pena assinar o DISNEY PLUS?,sem-desc
b5sWusIXjRs,BROWNIES COM RUM PARA O NATAL!,sem-desc
pbk7O02nudo,Com HBO grátis por 5 anos  vale a pena assinar a DIRECTV GO?,sem-desc
wlOvJalBeYQ,Sonic 2 - Metropolis Zone Acapella,sem-desc
A8cMyR94O5Y,Animaniacs for 8 Cellos,sem-desc
EfHEulFdcZU,ORÁCULO MAC AND CHEESE DEFUMADO - XEPA!,sem-desc
r5kJ-NcS-6A,The Best Lemon Chicken And Chilli Chicken Recipe EVER • Taste Show,sem-desc
ENeX-R58G4E,Battle of the Planets for 10 Cellos,sem-desc
Ai2ANvomukY,É ASSIM QUE FAÇO MAIONESE! | ERICK JACQUIN,sem-desc
BT3QNhTJkMQ,100-Layer Lasagna,sem-desc
-aCJtxibSpA,100-Hour Lasagna,sem-desc
1ISgr-2qdK0,인터스텔라 Interstellar Main Theme "First Step" - Hans Zimmer / Marimba cover,sem-desc
0-GEmPZwVF0,A FELICIDADE NÃO SE COMPRA (It's a Wonderful Life) Blu-ray 4K - Coleção#01,sem-desc
i3Vqs3pm8jM,RECEITA CLÁSSICA DE BACALHAU | Brandade de bacalhau,sem-desc
nkcKdfL7G3A,Unboxing Spot The $75 000 Robot Dog,sem-desc
KZWCPUD9Wfw,Conhecendo e tirando dúvidas da nova central portão PPA POP com Freio !,sem-desc
QsNHTnY6HQg,Dungeons & Dragons Animated Series: Requiem The Final Episode.   AD FREE LINK IN DESCRIPTION,sem-desc
44F3BeYHxLQ,Working Stargate Mk2 from Glitch with Audio and Web Control,sem-desc
4jXSAxuhMxU,LOVECRAFT COUNTRY - Ep 09 - Lá e de volta outra vez,sem-desc
nztDjy3SxOs,Roda Viva | Luiz Henrique Mandetta | 12/10/2020,sem-desc
9NIfMSviJjU,🔴 A HORA DO COLECIONADOR 02 | ALISON BRITO,sem-desc
XtBrG6H1MjE,🔴 A HORA DO COLECIONADOR 01 | CARLOS POLI,sem-desc
TM6xnXXyyHM,BATATA ROSTI com Ovo e Bacon | Receita #96 TORRADA TORRADA,sem-desc
O8fQCN4Bink,🔴 A HORA DO COLECIONADOR (PILOTO) | PC_FOREVER,sem-desc
DE8z6a5OaoU,BIG NETO com molho especial! | Netão! Bom Beef #106,sem-desc
LR9DavLe9wc,Aprenda esta Técnica NINJA de Foco com Poluição Luminosa | #SpaceTips 041,sem-desc
nUU8XUhXo6g,Jurassic Park for 8 Cellos,sem-desc
8gM6WJ-ED9A,Por que o Brasil continuou um só e a América espanhola se dividiu após independência?,sem-desc
fADgUDtmrNw,Choripan do Netão! A melhor entradinha para o seu churrasco! | Netão! Bom Beef #34,sem-desc
cfpGzomuiAs,British Bolognese | Keep Cooking Family Favourites | Jamie Oliver,sem-desc
_9lBXzAc1Tk,X-Men: The Animated Series for 8 cellos,sem-desc
4--icNUqu3c,Special Scrambled Eggs | 7 Ways,sem-desc
0NbJIYwZ68c,How to Make Harley Quinn's Delicious Egg Sandwich From 'Birds of Prey',sem-desc
kdGdOYMnb5Q,POR QUE COLECIONAR? OU A IMPORTÂNCIA DE TER UMA COLEÇÃO (VINIL  CD  K7  DVD...),sem-desc
7zc8HNf6ETQ,Super Mario Bros for 3 Cellos... and egg shaker...,sem-desc
O6ZoHdFg_Bs,Duck Tales for 8 Cellos,sem-desc
8rjG1pUgtuE,La Sierra de Mesa 4 en 1  Que me Convirtió en NIVEL PRO!!💪,sem-desc
GvK1gVnfBHA,COMO FAZER CALDO DE CARNE E DEMI-GLACE | Técnicas,sem-desc
_bspJojod1k,RECEITA CASEIRA DO ORÁCULO BURGER - XEPA,sem-desc
tKZzgeqJb0Y,Thundercats for 8 cellos,sem-desc
VmM3EH5nrDg,Inspector Gadget for 8 cellos,sem-desc
nK-Vx8Sf-2E,Teenage Mutant Ninja Turtles for 10 cellos,sem-desc
73iTHJQaxcY,Airwolf for 8 Cellos,sem-desc
cvn8B1hm_Oo,Simple Lamb Stew | Quick and Easy Food | Jamie Oliver,sem-desc
yTIcV5EIqdM,Barbecue Hoisin Ribs | Jamie Oliver,sem-desc
Kf7VTgPCH8w,Unijovem | Passando pela Crise | 04/07/2020,sem-desc
xfZ4NIcRO-c,O MELHOR ESTROGONOFE DA MINHA VIDA! | ERICK JACQUIN,sem-desc
crdYIUdUOhc,It's Time to go BACK TO THE FUTURE! | Reunited Apart with Josh Gad,sem-desc
LgzudBvmd08,Binging with Babish: Nachos from The Good Place (plus Naco Redemption),sem-desc
IBm7Sya5YRU,OVO POCHE FÁCIL SEM ERRO! | VÍDEO CÁPSULA 01,sem-desc
aFLFujQNX9s,How to Make Korean Fried Chicken in 15 Minutes Recipe l Better Than Restaurants,sem-desc
GGXEB25WdyQ,John Boyega George Floyd protest London speech in full: Star Wars actor's powerful Hyde Park message,sem-desc
GK7GObLUCWU,How to make Jamie’s Lasagne | Jamie Oliver,sem-desc
LOrALdmPWVU,Dark – Temporada 3 | Anúncio de estreia | Netflix,sem-desc
uoHNzS9j3Is,POLPETONE SIMPLES E FÁCIL!,sem-desc
eYf595EJAc4,Knight Rider for 8 cellos,sem-desc
6UEnVZ3j6UA,CLASSICAL SOPRANO surprises audience with STAR TREK | Conductor Rainer Hersch,sem-desc
XNJ5HHNi7TQ,Mu tag & App Introduction,sem-desc
Fe9_4lKOOD4,Picanha Fatiada... é Picanha? I Churrasqueadas,sem-desc
qRkwSopXf-U,How To Make Cubanos with Homemade Cuban Bread,sem-desc
OSC_rRVaMC8,土豆新吃法，不用炸不用烤，孩子最喜欢了，咬一口满嘴拉丝！香！【阿胖面食】,sem-desc
5G0o9XWo9vM,Homemade Quesadillas | Keep Cooking & Carry On | Jamie Oliver #withme,sem-desc
M1B3gATS0GE,I built myself a proud parent machine,sem-desc
8Ytky9d9T8A,Torta Holandesa - Receitas Nestlé,sem-desc
HkXojFU_LrE,How to make Neapolitan Pizza Dough,sem-desc
oZFM2N0-DJE,Minha coleção de filmes | Parte 1 de 3,sem-desc
7ALMbZCkn4g,Minha coleção de filmes | Parte 2 de 3,sem-desc
IpXvsUMO6ww,Choripan de chimichurri com a Linguiça Toscana com Alho e Ervas Perdigão Na Brasa,sem-desc
Hkh9eZSqgKo,Ragù de Linguiça de "O Poderoso Chefão" | Comida de Cinema #39,sem-desc
CeNhbQ0RA6k,PAPRIKA SCHNITZEL (OU FILÉ DE PORCO À MILANESA  NÉ?) | Vualat,sem-desc
sRe079XdYVg,O SURF AND TURF DO MEU NOVO RESTAURANTE - 1985,sem-desc
ShZwA3ouaMA,MACARRÃO À CARBONARA DEFINITIVO! FÁCIL E SEM ERRO,sem-desc
AjEDvKFs_78,Making a paper shredder that looks like a brain,sem-desc
hzmpysD8Ql0,Gordon Ramsay's Salted Caramel Popcorn,sem-desc
BbF8R5--hjE,From ‘freak out’ to ‘thriving’ - the 3 stages of being a Wiser,sem-desc
xsmn-co5bVU,FRANGO FRITO SUPER CROCANTE! FÁCIL E RÁPIDO,sem-desc
ypvUNXWK1sk,Como fazer um DELICIOSO molho de tomate,sem-desc
DCTNlh-3hKw,Using 20 000 matches to make a coffee table,sem-desc
D3EHkOtAKME,Macarrão Alho e Óleo - COMIDAS FAVORITAS,sem-desc
xaw1Jk4PqJw,WRAP COM PEITO DE PERU | Origens com Rui Morschel,sem-desc
Vg-9qHCWdB0,Wonderful Places - A Year Well Travelled 2019,sem-desc
GdcCVZ_D7hQ,Garlic Soup Italian style with crispy croutons,sem-desc
nm4Ck6bD2_0,Sword of Omens (Thundercats) - MAN AT ARMS,sem-desc
oMdWoiCUQEI,Faroe Islands Travel Video - Finally Be Free [ZCAM E2 & Mavic 2 Pro],sem-desc
2gs4dsqZJE8,Aula 27 - Southern Fried Chicken (Frango Frito Americano) / Cansei de ser Chef,sem-desc
vGp2PeSBtNc,COMO FAZER MASSA FRESCA,sem-desc
H8Bc7zuQNwA,RAGU ESPECIAL DE 200K + VISITA A FÁBRICA DE CERVEJAS,sem-desc
Z6HG70shXKU,ANÁLISE DE STAR WARS: A ASCENSÃO SKYWALKER,sem-desc
6mvBf1ELxcw,Travel video shot on Sony Xperia 1 - Bali Indonesia 4K CinemaWide,sem-desc
wCm2DLhO5q0,Bolo de Rolo,sem-desc
e_icP_Y1dXY,APERITIVO INDISPENSÁVEL PARA SUA CEIA DE NATAL! | CEIA DE NATAL 2019,sem-desc
NqwW4BiLoBw,Honey Sesame Chicken | Everyday Gourmet S7 E12,sem-desc
iKQkczcj1Rs,One Pot Lasagne!,sem-desc
GojIHX38GMQ,The French Riviera - Côte d'Azur France - 4K Cinematic Travel Video,sem-desc
KkmNY5lM4GQ,Sobrecoxa de Frango com Chimichurri e Batata com Sour Cream do Netão! | Netão! Bom Beef #50,sem-desc
X5oD_thIk3c,How To Cook Perfect Eggs Every Time,sem-desc
0VQEJARHJ44,How to make... One Pan Pasta!,sem-desc
FsanXr238_k,Como fazer o melhor pão italiano!,sem-desc
6vebbDZxoKE,5 Min vs. 50 Min vs. 5 Hour Pasta (ft. Binging With Babish) • Tasty,sem-desc
ChzUN_RvMeY,Family Ragu with Gennaro Contaldo,sem-desc
1-SJGQ2HLp8,How to Make Perfect Pizza | Gennaro Contaldo,sem-desc
h5gcJjOSDv4,How To... cook steak  with Jamie Oliver's mate Pete,sem-desc
rbmsVTe-zkw,Tomato Relish l Tomato relish recipe,sem-desc
NHPhnFULXXs,Bifes de lombo de porco à manteiga de alecrim,sem-desc
APy5tsosXx4,Mykonos Greece From Drone Perspective  🇬🇷 DJI Mavic 2 pro,sem-desc
VpwtfwycNVo,Khoya Gulab jamun recipe | How to make gulab jamun,sem-desc
x64gbjmtnHM,Gennaro’s Family Lasagne,sem-desc
FVKcW78FtPk,RECEITA: O MELHOR MOUSSE DE CHOCOLATE DO MUNDO,sem-desc
-gF8d-fitkU,Easy Bolognese Recipe | Jamie Oliver,sem-desc
Yw-FSUEc8Pc,How To Make Chocolate Donuts | Gordon Ramsay,sem-desc
5Sa9nYKiYg0,The Original Orange Chicken by Panda Express,sem-desc
Il0z3nNRuC0,El Camino: A Breaking Bad Film | Teaser | Netflix,sem-desc
qJb2KPsOPVU,O MELHOR PETISCO DO MUNDO! | BOLINHOS DE BECHAMEL COM PRESUNTO E QUEIJO!,sem-desc
lWaBh-r2ZP0,3 Minute Tomato Pasta Sauce | Jamie Oliver & Davina McCall,sem-desc
0KpiuwhmCm4,Meatballs | Jamie Oliver | 20 Years of The Naked Chef,sem-desc
jd16yRTsP8k,20 FATOS SOBRE DARK  A SÉRIE ALEMÃ DO NETFLIX - Alemanizando,sem-desc
X6VtO8BDsQ8,COMO FAZER PÃO CASEIRO,sem-desc
umCKzvIaWwA,COMO FAZER BOLINHO DE ARROZ,sem-desc
mazRI6SUxX4,Detalhes de GAME OF THRONES 8x06 - O que foi escrito?,sem-desc
Hvw7K0s7xE8,COMO FAZER BRIGADEIRÃO,sem-desc
E4lv-od2_Ls,You'll Never Eat French Fries the Same Way Again 😮🍟 | Tastemade Staff Picks,sem-desc
rWJSk1i8sLY,COMO FAZER TORTA DE LIMÃO,sem-desc
CAs60fSOhw0,COMO FAZER CHEESECAKE COM CALDA DE GOIABADA,sem-desc
VtPf3aYaBNs,Game of Thrones Watch Party Recipes | The Hound's Fried Chicken,sem-desc
C_C2sUAc1tY,RECEITA DE ARROZ DE FORNO FÁCIL,sem-desc
HUvctvzhitg,COMO FAZER ESFIRRA DE CARNE,sem-desc
4L8AcrAYrEw,3 MELHORES DOCES COM PAÇOCA DA TASTEMADE,sem-desc
75iExVNvrWw,Kawhi Leonard Wins The Series At The Buzzer! | May 12  2019,sem-desc
1eYfW2tJK5Q,3 RECEITAS DA TASTEMADE COM MUITO QUEIJO,sem-desc
k72JxgIeWL0,COMO FAZER BOLO DE FUBÁ SUPER CREMOSO,sem-desc
NFa85dBx4C8,COMO FAZER BOLINHO DE CHUVA,sem-desc
QwLPjI_jMTo,Cacio E Pepe Pizza With Daniele Uditi | Like A Chef,sem-desc
FXk3VdQvTHw,COMO FAZER CHANTILLY EM CASA,sem-desc
cJZOfEOqKxM,RECEITA DE PUDIM DE LEITE CONDENSADO PERFEITO SEM FURINHOS,sem-desc
gf0qj6zPe-8,2 QUIBES DE FORNO,sem-desc
bqHAasBZETQ,3 MELHORES BOLINHOS DE CHUVA DA TASTEMADE,sem-desc
dBvsArke3L8,Austrian Fried Chicken I Backhendl - I´m from Austria #4 - Weber Master Touch GBS Premium Grill,sem-desc
iFrP6qdSFmc,CARBONARA | MINHA MASSA FAVORITA!,sem-desc
ABjTq6EMtzM,4 Easy Egg Recipes For Breakfast,sem-desc
8pGP-Ew7YOg,BATATA AO FORNO DA VOVÓ!,sem-desc
MSKLX8qFIjU,O MEU QUEIJO QUENTE PREFERIDO!,sem-desc
aEDYW5GfdXI,INFÂNCIA | AHAVAH (CLIPE OFICIAL),sem-desc
qYf3P1BvrzE,MOLHO PESTO SIMPLES E FÁCIL,sem-desc
s1ja3lQZrIM,MAIONESE DE ALHO PERFEITA!,sem-desc
g1sIKcRfnG8,Frango Crocante com Creme de Milho - COMIDAS FAVORITAS 02,sem-desc
zsixDhAEyjk,PÃO DE QUEIJO COM AVEIA com Luanda Gazoni,sem-desc
GjmZIp0amfQ,COOKIE RECHEADO | Melhores Receitas Tastemade,sem-desc
MQJzkUVdPiQ,BROWNIE DE CHOCOLATE COM LEITE CONDENSADO | Melhores Receitas Tastemade,sem-desc
eu3PPmgRzBI,CAPRESE CREMOSA NA TRAVESSA | Melhores Receitas Tastemade,sem-desc
XmYJBInVzQg,PICANHA RECHEADA | Melhores Receitas Tastemade,sem-desc
2NLgXZqMK6o,FOCACCIA DE FRANGO | Melhores Receitas Tastemade,sem-desc
FuMuuS6kwgQ,COMO FAZER MOLHO PESTO | Master Of Pasta,sem-desc
ev,Alemanha - Schnitzel Munich Style,evernote-sem-passo|https://www.justapinch.com/recipes/main-course/pork/schnitzel-munich-style.html
ev,Baked Mac and Cheese,evernote-sem-passo|https://youtu.be/6zV0I3d8GuU
ev,Batatas Assadas no Forno Com Parmessão e Ervas,evernote-sem-passo|https://snapguide.com/guides/make-oven-roasted-fries-with-parmesan-mixed-herbs/
ev,Buffalo Cauliflower Bites,evernote-sem-passo|https://youtu.be/VL8FKrV69Ns
ev,Buffalo Wings,evernote-sem-passo|http://phillyjaycooking.com/homemade-buffalo-wings-recipe/
ev,Calzone,evernote-sem-passo|https://youtu.be/NYVJ10BkEXA
ev,Carbonara  Best Ever!,evernote-sem-passo|https://youtu.be/eISr0vQhRhc
ev,Carbonara  Traditional,evernote-sem-passo|https://youtu.be/XcPIOI3kDGo
ev,Christmas Burger Recipe,evernote-sem-passo|https://youtu.be/CzRBM0c6Ruk
ev,Cookies,evernote-sem-passo|https://www.youtube.com/watch?v=2OBxCy_M7kk
ev,Fried Chicken Korean Style,evernote-sem-passo|https://snapguide.com/guides/cook-fried-chicken-korean-style/
ev,Galinha Escabelada,evernote-sem-passo|https://youtu.be/7JGxzKXnFZA
ev,Giant Profiteroles (Carolinas),evernote-sem-passo|https://youtu.be/Paw4dM1BDxw
ev,Grilled Cheese Sandwich,evernote-sem-passo|https://youtu.be/7KuLAMMeXoI
ev,Heart Shaped Pizza Recipe,evernote-sem-passo|https://youtu.be/TsCe7QiQ7MM
ev,Honey Glazed Char Siu Pork,evernote-sem-passo|https://www.youtube.com/watch?v=sq6XGBNxgfM
ev,Macarrão à Bolonhesa Sem Atalhos (1Hora),evernote-sem-passo|https://www.youtube.com/watch?v=DUK94oQGmLc
ev,Maionese Caseira,evernote-sem-passo|https://youtu.be/FvS3PPkVztE
ev,Maionese Profissional,evernote-sem-passo|https://youtu.be/mT9BFG62MFI
ev,Massa para Pizza,evernote-sem-passo|https://snapguide.com/guides/make-pizza-dough-4/
ev,Massa Pizza Caseira,evernote-sem-passo|https://youtu.be/93hQiVk9wcA
ev,Misto Quente de Padaria,evernote-sem-passo|https://youtu.be/pQCNjJej1Oc
ev,Molho Chipotle,evernote-sem-passo|https://youtu.be/VhtgjPpTwU4
ev,Molho de Queijo,evernote-sem-passo|https://youtu.be/LEeVgcWQdxY
ev,Mousse de Liquidificador,evernote-sem-passo|https://youtu.be/BzNt4X9dVUk
ev,Mousse de Nutella,evernote-sem-passo|https://www.youtube.com/watch?v=vgn96ujzPu4
ev,Mousse,evernote-sem-passo|https://www.youtube.com/watch?v=BzNt4X9dVUk
ev,Mussarela Sticks,evernote-sem-passo|https://www.youtube.com/watch?v=Rpl3P6Qg4tI
ev,Ovos Rancheiros,evernote-sem-passo|https://youtu.be/1Q8GQKLVb7o
ev,Panquecas.1,evernote-sem-passo|https://www.youtube.com/watch?v=wDDD-ChvmOo
ev,Pasta de Alho,evernote-sem-passo|https://www.youtube.com/watch?v=bVz_riI_MNY
ev,Pizza Al Tegamino,evernote-sem-passo|https://snapguide.com/guides/make-pizza-al-tegamino/
ev,Prime Rib Roast,evernote-sem-passo|https://youtu.be/ZGZSM1urhaY
ev,Snack Pizzas,evernote-sem-passo|https://snapguide.com/guides/make-simple-snack-pizzas/
ev,Suflê de Catupiry,evernote-sem-passo|https://www.youtube.com/watch?v=ojCkIxv1j7A
ev,The Ultimate Mac and Cheese,evernote-sem-passo|https://youtu.be/yoINOifaV3E
ev,Tomato and Red Pepper Soup,evernote-sem-passo|https://youtu.be/uYTc8YtH1WI
ev,Torta de Bolacha da Vó Suzi,evernote-sem-passo|
